"Segment","Position","NT.ID","NT.REF","NT.ALT","Quality.score","INDEL","Read.depth","Frequency","Strand.bias","Percent","INDEL.type","Type","Gene","AA.ID","AA.Position","AA.REF","AA.ALT","INDEL.frameshift"
"MN908947.3",89,"89-TG-T","TG","T",210,TRUE,9079,0.003304,0,0.3304,"Deletion","Noncoding","None","Noncoding TG89T",NA,NA,NA,NA
"MN908947.3",105,"105-G-T","G","T",135,FALSE,11917,0.006377,4,0.6377,"None","Noncoding","None","Noncoding G105T",NA,NA,NA,FALSE
"MN908947.3",210,"210-G-T","G","T",49314,FALSE,13197,0.996969,22,99.6969,"None","Noncoding","None","Noncoding G210T",NA,NA,NA,FALSE
"MN908947.3",241,"241-C-T","C","T",49314,FALSE,12032,0.996759,4,99.6759,"None","Noncoding","None","Noncoding C241T",NA,NA,NA,FALSE
"MN908947.3",434,"434-GA-G","GA","G",59,TRUE,13450,0.00119,0,0.119,"Deletion","Nonsynonymous","NSP1","NSP1 G59A",59,"G","A",TRUE
"MN908947.3",449,"449-C-G","C","G",79,FALSE,13999,0.007358,160,0.7358,"None","Nonsynonymous","NSP1","NSP1 P62A",62,"P","A",FALSE
"MN908947.3",518,"518-ATG-A","ATG","A",910,TRUE,14893,0.006647,1,0.6647,"Deletion","Nonsynonymous","NSP1","NSP1 M85S",85,"M","S",TRUE
"MN908947.3",661,"661-T-G","T","G",125,FALSE,9658,0.028163,27,2.8163,"None","Synonymous","NSP1","NSP1 T661G",NA,NA,NA,FALSE
"MN908947.3",681,"681-ATC-A","ATC","A",573,TRUE,18332,0.004255,155,0.4255,"Deletion","Nonsynonymous","NSP1","NSP1 L140K",140,"L","K",TRUE
"MN908947.3",740,"740-G-C","G","C",121,FALSE,19221,0.008168,173,0.8168,"None","Nonsynonymous","NSP1","NSP1 E159Q",159,"E","Q",FALSE
"MN908947.3",740,"740-G-T","G","T",83,FALSE,19221,0.00744,125,0.744,"None","Nonsynonymous","NSP1","NSP1 E159*",159,"E","*",FALSE
"MN908947.3",782,"782-C-A","C","A",124,FALSE,19192,0.006565,65,0.6565,"None","Nonsynonymous","NSP1","NSP1 L173I",173,"L","I",FALSE
"MN908947.3",782,"782-C-G","C","G",227,FALSE,19192,0.00792,130,0.792,"None","Nonsynonymous","NSP1","NSP1 L173V",173,"L","V",FALSE
"MN908947.3",1080,"1080-AT-A","AT","A",1221,TRUE,7381,0.011245,10,1.1245,"Deletion","Nonsynonymous","NSP2","NSP2 F93L",93,"F","L",TRUE
"MN908947.3",1089,"1089-T-C","T","C",101,FALSE,6992,0.007723,3,0.7723,"None","Nonsynonymous","NSP2","NSP2 F95S",95,"F","S",FALSE
"MN908947.3",1274,"1274-G-T","G","T",116,FALSE,7804,0.009867,153,0.9867,"None","Nonsynonymous","NSP2","NSP2 V157F",157,"V","F",FALSE
"MN908947.3",1306,"1306-GA-G","GA","G",91,TRUE,6394,0.002502,28,0.2502,"Deletion","Nonsynonymous","NSP2","NSP2 N168I",168,"N","I",TRUE
"MN908947.3",1560,"1560-G-T","G","T",89,FALSE,3914,0.009964,4,0.9964,"None","Nonsynonymous","NSP2","NSP2 G252V",252,"G","V",FALSE
"MN908947.3",1784,"1784-G-C","G","C",74,FALSE,8098,0.009015,60,0.9015,"None","Nonsynonymous","NSP2","NSP2 G327R",327,"G","R",FALSE
"MN908947.3",1874,"1874-G-T","G","T",88,FALSE,6002,0.009663,158,0.9663,"None","Nonsynonymous","NSP2","NSP2 A357S",357,"A","S",FALSE
"MN908947.3",2183,"2183-G-GGCC","G","GGCC",80,TRUE,1986,0.004532,61,0.4532,"Insertion","Nonsynonymous","NSP2","NSP2 E460G",460,"E","G",FALSE
"MN908947.3",2662,"2662-CTG-C","CTG","C",427,TRUE,3012,0.012616,13,1.2616,"Deletion","Nonsynonymous","NSP2","NSP2 A621P",621,"A","P",TRUE
"MN908947.3",2855,"2855-C-CTCATTTACT","C","CTCATTTACT",81,TRUE,6842,0.002631,109,0.2631,"Insertion","Nonsynonymous","NSP3","NSP3 G47I",47,"G","I",FALSE
"MN908947.3",2889,"2889-TG-T","TG","T",82,TRUE,10392,0.001732,102,0.1732,"Deletion","Nonsynonymous","NSP3","NSP3 A58Q",58,"A","Q",TRUE
"MN908947.3",3022,"3022-T-C","T","C",127,FALSE,10840,0.006458,9,0.6458,"None","Synonymous","NSP3","NSP3 T3022C",NA,NA,NA,FALSE
"MN908947.3",3037,"3037-C-T","C","T",49314,FALSE,9262,0.992118,11,99.2118,"None","Synonymous","NSP3","NSP3 C3037T",NA,NA,NA,FALSE
"MN908947.3",3101,"3101-C-A","C","A",120,FALSE,8878,0.009011,8,0.9011,"None","Nonsynonymous","NSP3","NSP3 Q128K",128,"Q","K",FALSE
"MN908947.3",3188,"3188-C-A","C","A",122,FALSE,5122,0.012495,395,1.2495,"None","Nonsynonymous","NSP3","NSP3 Q157K",157,"Q","K",FALSE
"MN908947.3",3412,"3412-TA-T","TA","T",65,TRUE,9860,0.001521,0,0.1521,"Deletion","Nonsynonymous","NSP3","NSP3 K233R",233,"K","R",TRUE
"MN908947.3",3616,"3616-T-C","T","C",106,FALSE,3971,0.009821,2,0.9821,"None","Synonymous","NSP3","NSP3 T3616C",NA,NA,NA,FALSE
"MN908947.3",3857,"3857-C-A","C","A",98,FALSE,4578,0.012014,9,1.2014,"None","Nonsynonymous","NSP3","NSP3 Q380K",380,"Q","K",FALSE
"MN908947.3",3982,"3982-T-C","T","C",80,FALSE,5280,0.008333,6,0.8333,"None","Synonymous","NSP3","NSP3 T3982C",NA,NA,NA,FALSE
"MN908947.3",4174,"4174-TA-T","TA","T",62,TRUE,12878,0.001165,6,0.1165,"Deletion","Nonsynonymous","NSP3","NSP3 K487R",487,"K","R",TRUE
"MN908947.3",4181,"4181-G-T","G","T",49314,FALSE,13407,0.993362,189,99.3362,"None","Nonsynonymous","NSP3","NSP3 A488S",488,"A","S",FALSE
"MN908947.3",4345,"4345-C-T","C","T",92,FALSE,18689,0.005351,95,0.5351,"None","Synonymous","NSP3","NSP3 C4345T",NA,NA,NA,FALSE
"MN908947.3",4399,"4399-G-C","G","C",218,FALSE,9794,0.010517,127,1.0517,"None","Nonsynonymous","NSP3","NSP3 M560I",560,"M","I",FALSE
"MN908947.3",4409,"4409-G-A","G","A",125,FALSE,8785,0.008196,1,0.8196,"None","Nonsynonymous","NSP3","NSP3 A564T",564,"A","T",FALSE
"MN908947.3",4439,"4439-T-C","T","C",266,FALSE,7454,0.009793,2,0.9793,"None","Nonsynonymous","NSP3","NSP3 C574R",574,"C","R",FALSE
"MN908947.3",4510,"4510-G-T","G","T",75,FALSE,9098,0.006705,1,0.6705,"None","Synonymous","NSP3","NSP3 G4510T",NA,NA,NA,FALSE
"MN908947.3",4739,"4739-T-C","T","C",159,FALSE,4223,0.009709,2,0.9709,"None","Nonsynonymous","NSP3","NSP3 S674P",674,"S","P",FALSE
"MN908947.3",5144,"5144-C-G","C","G",115,FALSE,2345,0.011087,11,1.1087,"None","Nonsynonymous","NSP3","NSP3 L809V",809,"L","V",FALSE
"MN908947.3",5339,"5339-C-A","C","A",75,FALSE,8294,0.006752,9,0.6752,"None","Nonsynonymous","NSP3","NSP3 P874T",874,"P","T",FALSE
"MN908947.3",5354,"5354-G-C","G","C",72,FALSE,8084,0.008535,90,0.8535,"None","Nonsynonymous","NSP3","NSP3 D879H",879,"D","H",FALSE
"MN908947.3",5378,"5378-G-T","G","T",233,FALSE,7915,0.012255,0,1.2255,"None","Nonsynonymous","NSP3","NSP3 G887C",887,"G","C",FALSE
"MN908947.3",5437,"5437-G-GT","G","GT",446,TRUE,7013,0.005846,3,0.5846,"Insertion","Nonsynonymous","NSP3","NSP3 L907F",907,"L","F",TRUE
"MN908947.3",5552,"5552-A-G","A","G",368,FALSE,7753,0.015478,0,1.5478,"None","Nonsynonymous","NSP3","NSP3 K945E",945,"K","E",FALSE
"MN908947.3",5556,"5556-G-T","G","T",76,FALSE,8530,0.0068,25,0.68,"None","Nonsynonymous","NSP3","NSP3 G946V",946,"G","V",FALSE
"MN908947.3",5777,"5777-C-G","C","G",111,FALSE,21556,0.006031,68,0.6031,"None","Nonsynonymous","NSP3","NSP3 H1020D",1020,"H","D",FALSE
"MN908947.3",5945,"5945-C-A","C","A",89,FALSE,6048,0.012731,10,1.2731,"None","Nonsynonymous","NSP3","NSP3 P1076T",1076,"P","T",FALSE
"MN908947.3",6217,"6217-A-T","A","T",485,FALSE,24600,0.006382,13,0.6382,"None","Nonsynonymous","NSP3","NSP3 K1166N",1166,"K","N",FALSE
"MN908947.3",6402,"6402-C-T","C","T",49314,FALSE,22494,0.999378,3,99.9378,"None","Nonsynonymous","NSP3","NSP3 P1228L",1228,"P","L",FALSE
"MN908947.3",6642,"6642-GT-G","GT","G",91,TRUE,9641,0.006638,139,0.6638,"Deletion","Nonsynonymous","NSP3","NSP3 L1309*",1309,"L","*",TRUE
"MN908947.3",6696,"6696-C-T","C","T",237,FALSE,11540,0.009272,3,0.9272,"None","Nonsynonymous","NSP3","NSP3 P1326L",1326,"P","L",FALSE
"MN908947.3",7028,"7028-T-C","T","C",192,FALSE,4304,0.013011,0,1.3011,"None","Nonsynonymous","NSP3","NSP3 S1437P",1437,"S","P",FALSE
"MN908947.3",7124,"7124-C-T","C","T",49314,FALSE,1965,0.994911,3,99.4911,"None","Nonsynonymous","NSP3","NSP3 P1469S",1469,"P","S",FALSE
"MN908947.3",7312,"7312-G-GT","G","GT",320,TRUE,2134,0.012652,4,1.2652,"Insertion","Nonsynonymous","NSP3","NSP3 S1534Q",1534,"S","Q",TRUE
"MN908947.3",7389,"7389-C-A","C","A",94,FALSE,12932,0.007346,1,0.7346,"None","Nonsynonymous","NSP3","NSP3 A1557D",1557,"A","D",FALSE
"MN908947.3",7473,"7473-G-T","G","T",342,FALSE,17547,0.009574,9,0.9574,"None","Nonsynonymous","NSP3","NSP3 G1585V",1585,"G","V",FALSE
"MN908947.3",7485,"7485-C-A","C","A",70,FALSE,15447,0.005567,94,0.5567,"None","Nonsynonymous","NSP3","NSP3 S1589*",1589,"S","*",FALSE
"MN908947.3",7512,"7512-A-G","A","G",153,FALSE,16716,0.00676,15,0.676,"None","Nonsynonymous","NSP3","NSP3 N1598S",1598,"N","S",FALSE
"MN908947.3",7572,"7572-T-C","T","C",180,FALSE,15068,0.008893,2,0.8893,"None","Nonsynonymous","NSP3","NSP3 V1618A",1618,"V","A",FALSE
"MN908947.3",7597,"7597-T-C","T","C",271,FALSE,16297,0.007854,4,0.7854,"None","Synonymous","NSP3","NSP3 T7597C",NA,NA,NA,FALSE
"MN908947.3",7615,"7615-G-T","G","T",92,FALSE,15516,0.006574,20,0.6574,"None","Nonsynonymous","NSP3","NSP3 W1632C",1632,"W","C",FALSE
"MN908947.3",7622,"7622-GTTAA-G","GTTAA","G",685,TRUE,14503,0.004964,5,0.4964,"Deletion","Nonsynonymous","NSP3","NSP3 N1636V",1636,"N","V",TRUE
"MN908947.3",8216,"8216-G-C","G","C",76,FALSE,15025,0.006389,10,0.6389,"None","Nonsynonymous","NSP3","NSP3 V1833L",1833,"V","L",FALSE
"MN908947.3",8482,"8482-T-C","T","C",156,FALSE,3099,0.010003,1,1.0003,"None","Synonymous","NSP3","NSP3 T8482C",NA,NA,NA,FALSE
"MN908947.3",8715,"8715-C-G","C","G",87,FALSE,6747,0.007262,15,0.7262,"None","Nonsynonymous","NSP4","NSP4 T54S",54,"T","S",FALSE
"MN908947.3",8986,"8986-C-T","C","T",49314,FALSE,13885,0.99431,66,99.431,"None","Synonymous","NSP4","NSP4 C8986T",NA,NA,NA,FALSE
"MN908947.3",9053,"9053-G-T","G","T",49314,FALSE,11743,0.998041,16,99.8041,"None","Nonsynonymous","NSP4","NSP4 V167L",167,"V","L",FALSE
"MN908947.3",9118,"9118-C-G","C","G",1967,FALSE,15895,0.020887,220,2.0887,"None","Nonsynonymous","NSP4","NSP4 D188E",188,"D","E",FALSE
"MN908947.3",9416,"9416-G-T","G","T",268,FALSE,9342,0.013059,95,1.3059,"None","Nonsynonymous","NSP4","NSP4 G288C",288,"G","C",FALSE
"MN908947.3",9566,"9566-T-G","T","G",270,FALSE,20957,0.006919,20,0.6919,"None","Nonsynonymous","NSP4","NSP4 L338V",338,"L","V",FALSE
"MN908947.3",9639,"9639-A-ATCAC","A","ATCAC",135,TRUE,18470,0.013319,20,1.3319,"Insertion","Nonsynonymous","NSP4","NSP4 I363H",363,"I","H",TRUE
"MN908947.3",9640,"9640-T-TC","T","TC",98,TRUE,18400,0.012717,127,1.2717,"Insertion","Nonsynonymous","NSP4","NSP4 I363H",363,"I","H",TRUE
"MN908947.3",9668,"9668-T-C","T","C",218,FALSE,18538,0.006851,3,0.6851,"None","Synonymous","NSP4","NSP4 T9668C",NA,NA,NA,FALSE
"MN908947.3",9770,"9770-G-T","G","T",162,FALSE,16484,0.010677,215,1.0677,"None","Nonsynonymous","NSP4","NSP4 G406C",406,"G","C",FALSE
"MN908947.3",10029,"10029-C-T","C","T",49314,FALSE,2048,0.995605,0,99.5605,"None","Nonsynonymous","NSP4","NSP4 T492I",492,"T","I",FALSE
"MN908947.3",10046,"10046-GT-G","GT","G",143,TRUE,1988,0.009054,4,0.9054,"Deletion","Nonsynonymous","NSP4","NSP4 L499C",499,"L","C",TRUE
"MN908947.3",10349,"10349-C-G","C","G",89,FALSE,14226,0.006819,67,0.6819,"None","Nonsynonymous","NSP5","NSP5 P99A",99,"P","A",FALSE
"MN908947.3",10360,"10360-G-T","G","T",537,FALSE,15275,0.011129,14,1.1129,"None","Nonsynonymous","NSP5","NSP5 K102N",102,"K","N",FALSE
"MN908947.3",10446,"10446-G-C","G","C",114,FALSE,12977,0.008939,290,0.8939,"None","Nonsynonymous","NSP5","NSP5 R131T",131,"R","T",FALSE
"MN908947.3",10528,"10528-T-C","T","C",379,FALSE,12628,0.011007,1,1.1007,"None","Synonymous","NSP5","NSP5 T10528C",NA,NA,NA,FALSE
"MN908947.3",10605,"10605-C-T","C","T",131,FALSE,11035,0.008881,2,0.8881,"None","Nonsynonymous","NSP5","NSP5 P184L",184,"P","L",FALSE
"MN908947.3",10610,"10610-G-C","G","C",157,FALSE,12702,0.008345,81,0.8345,"None","Nonsynonymous","NSP5","NSP5 V186L",186,"V","L",FALSE
"MN908947.3",10614,"10614-A-G","A","G",75,FALSE,12371,0.006224,3,0.6224,"None","Nonsynonymous","NSP5","NSP5 D187G",187,"D","G",FALSE
"MN908947.3",10811,"10811-C-T","C","T",198,FALSE,9517,0.008616,13,0.8616,"None","Nonsynonymous","NSP5","NSP5 L253F",253,"L","F",FALSE
"MN908947.3",10835,"10835-GT-G","GT","G",91,TRUE,11474,0.001917,12,0.1917,"Deletion","Nonsynonymous","NSP5","NSP5 L262*",262,"L","*",TRUE
"MN908947.3",10891,"10891-T-C","T","C",93,FALSE,10208,0.007249,3,0.7249,"None","Synonymous","NSP5","NSP5 T10891C",NA,NA,NA,FALSE
"MN908947.3",11095,"11095-C-T","C","T",632,FALSE,22721,0.016373,2,1.6373,"None","Synonymous","NSP6","NSP6 C11095T",NA,NA,NA,FALSE
"MN908947.3",11123,"11123-G-T","G","T",127,FALSE,28693,0.006935,47,0.6935,"None","Nonsynonymous","NSP6","NSP6 A51S",51,"A","S",FALSE
"MN908947.3",11201,"11201-A-G","A","G",49314,FALSE,25750,0.991922,13,99.1922,"None","Nonsynonymous","NSP6","NSP6 T77A",77,"T","A",FALSE
"MN908947.3",11332,"11332-A-G","A","G",49314,FALSE,30512,0.992429,0,99.2429,"None","Synonymous","NSP6","NSP6 A11332G",NA,NA,NA,FALSE
"MN908947.3",11437,"11437-T-C","T","C",279,FALSE,20271,0.007449,10,0.7449,"None","Synonymous","NSP6","NSP6 T11437C",NA,NA,NA,FALSE
"MN908947.3",11521,"11521-GT-G","GT","G",62,TRUE,19216,0.001249,2,0.1249,"Deletion","Nonsynonymous","NSP6","NSP6 L185W",185,"L","W",TRUE
"MN908947.3",11608,"11608-A-G","A","G",92,FALSE,47656,0.005917,7,0.5917,"None","Synonymous","NSP6","NSP6 A11608G",NA,NA,NA,FALSE
"MN908947.3",11630,"11630-TTTTGTAC-T","TTTTGTAC","T",1503,TRUE,45359,0.004343,49,0.4343,"Deletion","Nonsynonymous","NSP6","NSP6 C221V",221,"C","V",TRUE
"MN908947.3",11999,"11999-G-T","G","T",86,FALSE,15887,0.007239,0,0.7239,"None","Nonsynonymous","NSP7","NSP7 V53F",53,"V","F",FALSE
"MN908947.3",12032,"12032-G-T","G","T",84,FALSE,13747,0.009311,67,0.9311,"None","Nonsynonymous","NSP7","NSP7 G64C",64,"G","C",FALSE
"MN908947.3",12085,"12085-C-CTA","C","CTA",367,TRUE,16250,0.004,155,0.4,"Insertion","Nonsynonymous","NSP7","NSP7 L82Y",82,"L","Y",TRUE
"MN908947.3",12226,"12226-T-A","T","A",372,FALSE,20437,0.007731,125,0.7731,"None","Synonymous","NSP8","NSP8 T12226A",NA,NA,NA,FALSE
"MN908947.3",12342,"12342-C-T","C","T",617,FALSE,16225,0.010724,50,1.0724,"None","Nonsynonymous","NSP8","NSP8 T84I",84,"T","I",FALSE
"MN908947.3",12373,"12373-G-T","G","T",89,FALSE,16604,0.005902,34,0.5902,"None","Nonsynonymous","NSP8","NSP8 M94I",94,"M","I",FALSE
"MN908947.3",12631,"12631-A-G","A","G",129,FALSE,10018,0.00549,5,0.549,"None","Synonymous","NSP8","NSP8 A12631G",NA,NA,NA,FALSE
"MN908947.3",12769,"12769-GT-G","GT","G",458,TRUE,23015,0.002737,167,0.2737,"Deletion","Nonsynonymous","NSP9","NSP9 L29*",29,"L","*",TRUE
"MN908947.3",13134,"13134-C-G","C","G",108,FALSE,24562,0.006799,226,0.6799,"None","Nonsynonymous","NSP10","NSP10 P37R",37,"P","R",FALSE
"MN908947.3",13374,"13374-GT-G","GT","G",108,TRUE,12739,0.00157,0,0.157,"Deletion","Nonsynonymous","NSP10","NSP10 C117*",117,"C","*",TRUE
"MN908947.3",13487,"13487-C-T","C","T",19503,FALSE,605,0.993388,0,99.3388,"None","Nonsynonymous","NSP12","NSP12 A16S",16,"A","S",FALSE
"MN908947.3",13625,"13625-A-G","A","G",49314,FALSE,4678,0.99658,0,99.658,"None","Synonymous","NSP12","NSP12 A13625G",NA,NA,NA,FALSE
"MN908947.3",13737,"13737-T-C","T","C",316,FALSE,14684,0.007219,33,0.7219,"None","Nonsynonymous","NSP12","NSP12 H99P",99,"H","P",FALSE
"MN908947.3",13871,"13871-A-G","A","G",142,FALSE,14026,0.005918,6,0.5918,"None","Synonymous","NSP12","NSP12 A13871G",NA,NA,NA,FALSE
"MN908947.3",13894,"13894-T-G","T","G",76,FALSE,16354,0.00642,258,0.642,"None","Nonsynonymous","NSP12","NSP12 C151W",151,"C","W",FALSE
"MN908947.3",14055,"14055-G-T","G","T",85,FALSE,8863,0.007221,88,0.7221,"None","Synonymous","NSP12","NSP12 G14055T",NA,NA,NA,FALSE
"MN908947.3",14056,"14056-A-C","A","C",79,FALSE,9250,0.007676,127,0.7676,"None","Synonymous","NSP12","NSP12 A14056C",NA,NA,NA,FALSE
"MN908947.3",14250,"14250-G-GT","G","GT",512,TRUE,18082,0.003429,77,0.3429,"Insertion","Nonsynonymous","NSP12","NSP12 L270C",270,"L","C",TRUE
"MN908947.3",14294,"14294-G-T","G","T",77,FALSE,16860,0.006762,91,0.6762,"None","Nonsynonymous","NSP12","NSP12 R285C",285,"R","C",FALSE
"MN908947.3",14299,"14299-T-A","T","A",258,FALSE,15959,0.00777,19,0.777,"None","Nonsynonymous","NSP12","NSP12 Y286*",286,"Y","*",FALSE
"MN908947.3",14318,"14318-C-T","C","T",1872,FALSE,14909,0.020659,44,2.0659,"None","Nonsynonymous","NSP12","NSP12 T293S",293,"T","S",FALSE
"MN908947.3",14337,"14337-T-C","T","C",356,FALSE,16790,0.008815,55,0.8815,"None","Nonsynonymous","NSP12","NSP12 V299A",299,"V","A",FALSE
"MN908947.3",14349,"14349-T-G","T","G",81,FALSE,12672,0.00655,64,0.655,"None","Nonsynonymous","NSP12","NSP12 D303G",303,"D","G",FALSE
"MN908947.3",14384,"14384-T-C","T","C",246,FALSE,16167,0.007361,0,0.7361,"None","Nonsynonymous","NSP12","NSP12 V315L",315,"V","L",FALSE
"MN908947.3",14408,"14408-C-T","C","T",49314,FALSE,14977,0.995193,133,99.5193,"None","Nonsynonymous","NSP12","NSP12 P323S",323,"P","S",FALSE
"MN908947.3",14432,"14432-G-A","G","A",157,FALSE,15325,0.008091,17,0.8091,"None","Synonymous","NSP12","NSP12 G14432A",NA,NA,NA,FALSE
"MN908947.3",14432,"14432-G-T","G","T",146,FALSE,15325,0.007896,87,0.7896,"None","Nonsynonymous","NSP12","NSP12 R331*",331,"R","*",FALSE
"MN908947.3",14630,"14630-C-A","C","A",151,FALSE,15179,0.006917,29,0.6917,"None","Nonsynonymous","NSP12","NSP12 S397T",397,"S","T",FALSE
"MN908947.3",14637,"14637-T-G","T","G",121,FALSE,14259,0.007153,1,0.7153,"None","Nonsynonymous","NSP12","NSP12 A399G",399,"A","G",FALSE
"MN908947.3",14720,"14720-G-T","G","T",174,FALSE,11166,0.007792,7,0.7792,"None","Nonsynonymous","NSP12","NSP12 G427C",427,"G","C",FALSE
"MN908947.3",14785,"14785-G-T","G","T",103,FALSE,14078,0.006819,60,0.6819,"None","Synonymous","NSP12","NSP12 G14785T",NA,NA,NA,FALSE
"MN908947.3",14845,"14845-C-G","C","G",107,FALSE,15404,0.006362,279,0.6362,"None","Synonymous","NSP12","NSP12 C14845G",NA,NA,NA,FALSE
"MN908947.3",15010,"15010-C-T","C","T",81,FALSE,5031,0.006361,13,0.6361,"None","Synonymous","NSP12","NSP12 C15010T",NA,NA,NA,FALSE
"MN908947.3",15052,"15052-A-G","A","G",167,FALSE,5220,0.010345,18,1.0345,"None","Synonymous","NSP12","NSP12 A15052G",NA,NA,NA,FALSE
"MN908947.3",15451,"15451-G-A","G","A",49314,FALSE,14424,0.998752,5,99.8752,"None","Synonymous","NSP12","NSP12 G15451A",NA,NA,NA,FALSE
"MN908947.3",15672,"15672-GTT-G","GTT","G",1020,TRUE,16979,0.005477,31,0.5477,"Deletion","Nonsynonymous","NSP12","NSP12 E744D",744,"E","D",TRUE
"MN908947.3",15689,"15689-G-T","G","T",109,FALSE,17737,0.006202,66,0.6202,"None","Nonsynonymous","NSP12","NSP12 R750C",750,"R","C",FALSE
"MN908947.3",15899,"15899-T-C","T","C",95,FALSE,17394,0.006726,12,0.6726,"None","Nonsynonymous","NSP12","NSP12 V820L",820,"V","L",FALSE
"MN908947.3",15917,"15917-ATGTG-A","ATGTG","A",340,TRUE,14157,0.003532,8,0.3532,"Deletion","Nonsynonymous","NSP12","NSP12 Y826C",826,"Y","C",TRUE
"MN908947.3",15928,"15928-C-A","C","A",83,FALSE,12472,0.008579,12,0.8579,"None","Synonymous","NSP12","NSP12 C15928A",NA,NA,NA,FALSE
"MN908947.3",15947,"15947-G-T","G","T",262,FALSE,17563,0.01059,7,1.059,"None","Nonsynonymous","NSP12","NSP12 R836*",836,"R","*",FALSE
"MN908947.3",15981,"15981-C-A","C","A",90,FALSE,18235,0.007019,44,0.7019,"None","Nonsynonymous","NSP12","NSP12 I847N",847,"I","N",FALSE
"MN908947.3",16000,"16000-C-A","C","A",134,FALSE,21640,0.006747,87,0.6747,"None","Synonymous","NSP12","NSP12 C16000A",NA,NA,NA,FALSE
"MN908947.3",16006,"16006-A-T","A","T",571,FALSE,18585,0.008986,4,0.8986,"None","Nonsynonymous","NSP12","NSP12 M855I",855,"M","I",FALSE
"MN908947.3",16152,"16152-T-A","T","A",214,FALSE,16759,0.005191,19,0.5191,"None","Nonsynonymous","NSP12","NSP12 S904Y",904,"S","Y",FALSE
"MN908947.3",16255,"16255-CT-C","CT","C",98,TRUE,3303,0.003028,0,0.3028,"Deletion","Nonsynonymous","NSP13","NSP13 C8A",8,"C","A",TRUE
"MN908947.3",16466,"16466-C-T","C","T",49314,FALSE,5576,0.998565,6,99.8565,"None","Nonsynonymous","NSP13","NSP13 P77L",77,"P","L",FALSE
"MN908947.3",16599,"16599-T-C","T","C",160,FALSE,4591,0.01002,12,1.002,"None","Synonymous","NSP13","NSP13 T16599C",NA,NA,NA,FALSE
"MN908947.3",16875,"16875-T-C","T","C",49314,FALSE,15105,0.996822,6,99.6822,"None","Synonymous","NSP13","NSP13 T16875C",NA,NA,NA,FALSE
"MN908947.3",17249,"17249-C-A","C","A",199,FALSE,40925,0.007526,285,0.7526,"None","Nonsynonymous","NSP13","NSP13 A338D",338,"A","D",FALSE
"MN908947.3",17260,"17260-T-G","T","G",121,FALSE,33382,0.006321,38,0.6321,"None","Nonsynonymous","NSP13","NSP13 C342G",342,"C","G",FALSE
"MN908947.3",17274,"17274-C-A","C","A",227,FALSE,32981,0.006216,170,0.6216,"None","Nonsynonymous","NSP13","NSP13 F346L",346,"F","L",FALSE
"MN908947.3",17304,"17304-C-G","C","G",83,FALSE,36143,0.006059,123,0.6059,"None","Synonymous","NSP13","NSP13 C17304G",NA,NA,NA,FALSE
"MN908947.3",17318,"17318-A-T","A","T",628,FALSE,30998,0.011259,150,1.1259,"None","Nonsynonymous","NSP13","NSP13 N361I",361,"N","I",FALSE
"MN908947.3",17321,"17321-C-A","C","A",123,FALSE,29406,0.00772,22,0.772,"None","Nonsynonymous","NSP13","NSP13 A362E",362,"A","E",FALSE
"MN908947.3",17362,"17362-A-T","A","T",463,FALSE,43201,0.007245,15,0.7245,"None","Nonsynonymous","NSP13","NSP13 I376F",376,"I","F",FALSE
"MN908947.3",17529,"17529-T-C","T","C",574,FALSE,11474,0.012114,9,1.2114,"None","Synonymous","NSP13","NSP13 T17529C",NA,NA,NA,FALSE
"MN908947.3",17533,"17533-G-A","G","A",237,FALSE,11955,0.008114,9,0.8114,"None","Nonsynonymous","NSP13","NSP13 G433S",433,"G","S",FALSE
"MN908947.3",17537,"17537-C-T","C","T",737,FALSE,12590,0.014615,77,1.4615,"None","Nonsynonymous","NSP13","NSP13 P434L",434,"P","L",FALSE
"MN908947.3",17668,"17668-G-T","G","T",108,FALSE,12018,0.009819,36,0.9819,"None","Nonsynonymous","NSP13","NSP13 G478C",478,"G","C",FALSE
"MN908947.3",17679,"17679-G-T","G","T",90,FALSE,14652,0.006893,7,0.6893,"None","Synonymous","NSP13","NSP13 G17679T",NA,NA,NA,FALSE
"MN908947.3",17821,"17821-C-CT","C","CT",556,TRUE,7035,0.006539,0,0.6539,"Insertion","Nonsynonymous","NSP13","NSP13 P529L",529,"P","L",TRUE
"MN908947.3",18060,"18060-C-T","C","T",211,FALSE,11311,0.007073,7,0.7073,"None","Synonymous","NSP14","NSP14 C18060T",NA,NA,NA,FALSE
"MN908947.3",18180,"18180-G-A","G","A",670,FALSE,14795,0.015478,76,1.5478,"None","Synonymous","NSP14","NSP14 G18180A",NA,NA,NA,FALSE
"MN908947.3",18348,"18348-C-G","C","G",70,FALSE,21963,0.006329,49,0.6329,"None","Synonymous","NSP14","NSP14 C18348G",NA,NA,NA,FALSE
"MN908947.3",18498,"18498-G-C","G","C",1711,FALSE,20642,0.017876,282,1.7876,"None","Nonsynonymous","NSP14","NSP14 M153I",153,"M","I",FALSE
"MN908947.3",18604,"18604-G-T","G","T",206,FALSE,19133,0.014059,1081,1.4059,"None","Nonsynonymous","NSP14","NSP14 G189C",189,"G","C",FALSE
"MN908947.3",18627,"18627-G-T","G","T",89,FALSE,17239,0.007367,84,0.7367,"None","Nonsynonymous","NSP14","NSP14 K196N",196,"K","N",FALSE
"MN908947.3",18636,"18636-G-T","G","T",130,FALSE,17452,0.006418,31,0.6418,"None","Synonymous","NSP14","NSP14 G18636T",NA,NA,NA,FALSE
"MN908947.3",18687,"18687-CT-C","CT","C",190,TRUE,23522,0.001743,13,0.1743,"Deletion","Nonsynonymous","NSP14","NSP14 S218P",218,"S","P",TRUE
"MN908947.3",18691,"18691-T-C","T","C",1308,FALSE,23218,0.01305,12,1.305,"None","Nonsynonymous","NSP14","NSP14 S218P",218,"S","P",FALSE
"MN908947.3",18738,"18738-TGATTACGTCTA-T","TGATTACGTCTA","T",285,TRUE,24438,0.002701,5,0.2701,"Deletion","Nonsynonymous","NSP14","NSP14 D234*",234,"D","*",TRUE
"MN908947.3",19036,"19036-G-C","G","C",187,FALSE,19178,0.009073,81,0.9073,"None","Nonsynonymous","NSP14","NSP14 G333R",333,"G","R",FALSE
"MN908947.3",19114,"19114-A-G","A","G",75,FALSE,20742,0.005593,42,0.5593,"None","Nonsynonymous","NSP14","NSP14 K359E",359,"K","E",FALSE
"MN908947.3",19179,"19179-T-G","T","G",265,FALSE,15929,0.011865,59,1.1865,"None","Synonymous","NSP14","NSP14 T19179G",NA,NA,NA,FALSE
"MN908947.3",19220,"19220-C-T","C","T",49314,FALSE,17736,0.997519,0,99.7519,"None","Nonsynonymous","NSP14","NSP14 A394V",394,"A","V",FALSE
"MN908947.3",19258,"19258-T-C","T","C",78,FALSE,4739,0.007175,2,0.7175,"None","Nonsynonymous","NSP14","NSP14 S407P",407,"S","P",FALSE
"MN908947.3",19664,"19664-T-C","T","C",185,FALSE,6859,0.011372,28,1.1372,"None","Nonsynonymous","NSP15","NSP15 F15S",15,"F","S",FALSE
"MN908947.3",19934,"19934-C-G","C","G",84,FALSE,4730,0.009514,8,0.9514,"None","Nonsynonymous","NSP15","NSP15 T105S",105,"T","S",FALSE
"MN908947.3",19978,"19978-A-C","A","C",79,FALSE,4145,0.014234,47,1.4234,"None","Nonsynonymous","NSP15","NSP15 T120P",120,"T","P",FALSE
"MN908947.3",19983,"19983-C-T","C","T",119,FALSE,3915,0.01507,13,1.507,"None","Synonymous","NSP15","NSP15 C19983T",NA,NA,NA,FALSE
"MN908947.3",20160,"20160-G-T","G","T",70,FALSE,3687,0.009222,2,0.9222,"None","Nonsynonymous","NSP15","NSP15 K180N",180,"K","N",FALSE
"MN908947.3",20548,"20548-G-T","G","T",221,FALSE,17695,0.006273,4,0.6273,"None","Nonsynonymous","NSP15","NSP15 D310Y",310,"D","Y",FALSE
"MN908947.3",20624,"20624-A-G","A","G",83,FALSE,15273,0.005173,10,0.5173,"None","Nonsynonymous","NSP15","NSP15 D335G",335,"D","G",FALSE
"MN908947.3",20791,"20791-G-T","G","T",96,FALSE,12708,0.006925,8,0.6925,"None","Nonsynonymous","NSP16","NSP16 A45S",45,"A","S",FALSE
"MN908947.3",20804,"20804-A-G","A","G",429,FALSE,19439,0.009466,90,0.9466,"None","Nonsynonymous","NSP16","NSP16 Q49R",49,"Q","R",FALSE
"MN908947.3",20971,"20971-T-G","T","G",84,FALSE,16050,0.006168,90,0.6168,"None","Nonsynonymous","NSP16","NSP16 S105A",105,"S","A",FALSE
"MN908947.3",21486,"21486-T-C","T","C",49314,FALSE,1748,0.993707,0,99.3707,"None","Synonymous","NSP16","NSP16 T21486C",NA,NA,NA,FALSE
"MN908947.3",21498,"21498-T-G","T","G",75,FALSE,1614,0.013631,21,1.3631,"None","Synonymous","NSP16","NSP16 T21498G",NA,NA,NA,FALSE
"MN908947.3",21618,"21618-C-G","C","G",49314,FALSE,1565,0.997444,2,99.7444,"None","Nonsynonymous","S","S T19R",19,"T","R",FALSE
"MN908947.3",21701,"21701-G-GT","G","GT",66,TRUE,1064,0.007519,0,0.7519,"Insertion","Nonsynonymous","S","S L48F",48,"L","F",TRUE
"MN908947.3",21897,"21897-C-T","C","T",4194,FALSE,125,1,0,100,"None","Nonsynonymous","S","S S112L",112,"S","L",FALSE
"MN908947.3",21987,"21987-G-A","G","A",197,FALSE,661,0.130106,528,13.0106,"None","Nonsynonymous","S","S G142D",142,"G","D",FALSE
"MN908947.3",22028,"22028-GAGTTCA-G","GAGTTCA","G",27457,TRUE,1250,0.9736,65,97.36,"Deletion","Nonsynonymous","S","S E156G",156,"E","G",FALSE
"MN908947.3",22661,"22661-G-T","G","T",77,FALSE,5283,0.006436,0,0.6436,"None","Nonsynonymous","S","S V367F",367,"V","F",FALSE
"MN908947.3",22917,"22917-T-G","T","G",49314,FALSE,2536,0.992508,2,99.2508,"None","Nonsynonymous","S","S L452R",452,"L","R",FALSE
"MN908947.3",22995,"22995-C-A","C","A",49314,FALSE,2410,0.994606,14,99.4606,"None","Nonsynonymous","S","S T478K",478,"T","K",FALSE
"MN908947.3",23060,"23060-A-T","A","T",70,FALSE,2904,0.008609,0,0.8609,"None","Nonsynonymous","S","S T500S",500,"T","S",FALSE
"MN908947.3",23403,"23403-A-G","A","G",49314,FALSE,17200,0.996802,20,99.6802,"None","Nonsynonymous","S","S D614G",614,"D","G",FALSE
"MN908947.3",23440,"23440-A-G","A","G",620,FALSE,14565,0.01023,4,1.023,"None","Synonymous","S","S A23440G",NA,NA,NA,FALSE
"MN908947.3",23512,"23512-A-T","A","T",108,FALSE,14855,0.008751,41,0.8751,"None","Nonsynonymous","S","S L650F",650,"L","F",FALSE
"MN908947.3",23604,"23604-C-G","C","G",49314,FALSE,11240,0.997242,1,99.7242,"None","Nonsynonymous","S","S P681R",681,"P","R",FALSE
"MN908947.3",23661,"23661-G-A","G","A",97,FALSE,12009,0.006329,2,0.6329,"None","Nonsynonymous","S","S G700D",700,"G","D",FALSE
"MN908947.3",23903,"23903-G-GT","G","GT",738,TRUE,4562,0.012056,1,1.2056,"Insertion","Nonsynonymous","S","S A783C",783,"A","C",TRUE
"MN908947.3",24176,"24176-C-A","C","A",75,FALSE,7447,0.008326,35,0.8326,"None","Nonsynonymous","S","S Q872K",872,"Q","K",FALSE
"MN908947.3",24238,"24238-T-A","T","A",112,FALSE,10989,0.006188,0,0.6188,"None","Synonymous","S","S T24238A",NA,NA,NA,FALSE
"MN908947.3",24358,"24358-C-A","C","A",306,FALSE,10194,0.011477,16,1.1477,"None","Synonymous","S","S C24358A",NA,NA,NA,FALSE
"MN908947.3",24410,"24410-G-A","G","A",49314,FALSE,13028,0.870893,2147483647,87.0893,"None","Nonsynonymous","S","S D950N",950,"D","N",FALSE
"MN908947.3",24435,"24435-C-T","C","T",127,FALSE,5431,0.008286,1,0.8286,"None","Nonsynonymous","S","S A958V",958,"A","V",FALSE
"MN908947.3",24702,"24702-ATCATCT-A","ATCATCT","A",867,TRUE,7101,0.011125,18,1.1125,"Deletion","Nonsynonymous","S","S H1048M",1048,"H","M",FALSE
"MN908947.3",24858,"24858-G-A","G","A",442,FALSE,12234,0.013814,14,1.3814,"None","Nonsynonymous","S","S G1099D",1099,"G","D",FALSE
"MN908947.3",25127,"25127-G-T","G","T",165,FALSE,13042,0.008741,8,0.8741,"None","Nonsynonymous","S","S V1189F",1189,"V","F",FALSE
"MN908947.3",25217,"25217-G-C","G","C",124,FALSE,11329,0.00715,13,0.715,"None","Nonsynonymous","S","S G1219R",1219,"G","R",FALSE
"MN908947.3",25469,"25469-C-T","C","T",49314,FALSE,11790,0.997625,0,99.7625,"None","Nonsynonymous","ORF3a","ORF3a S26L",26,"S","L",FALSE
"MN908947.3",25699,"25699-G-GC","G","GC",411,TRUE,7320,0.005328,0,0.5328,"Insertion","Nonsynonymous","ORF3a","ORF3a L106S",106,"L","S",TRUE
"MN908947.3",25802,"25802-A-C","A","C",130,FALSE,10812,0.016833,37,1.6833,"None","Nonsynonymous","ORF3a","ORF3a N137T",137,"N","T",FALSE
"MN908947.3",26064,"26064-T-G","T","G",167,FALSE,8572,0.009566,2,0.9566,"None","Synonymous","ORF3a","ORF3a T26064G",NA,NA,NA,FALSE
"MN908947.3",26107,"26107-G-C","G","C",49314,FALSE,6591,0.993324,0,99.3324,"None","Nonsynonymous","ORF3a","ORF3a E239Q",239,"E","Q",FALSE
"MN908947.3",26125,"26125-C-A","C","A",81,FALSE,5805,0.012575,104,1.2575,"None","Nonsynonymous","ORF3a","ORF3a Q245K",245,"Q","K",FALSE
"MN908947.3",26135,"26135-C-A","C","A",70,FALSE,5139,0.012065,45,1.2065,"None","Nonsynonymous","ORF3a","ORF3a T248K",248,"T","K",FALSE
"MN908947.3",26325,"26325-G-T","G","T",123,FALSE,11251,0.007999,52,0.7999,"None","Nonsynonymous","E","E L27F",27,"L","F",FALSE
"MN908947.3",26475,"26475-G-T","G","T",98,FALSE,13331,0.009302,95,0.9302,"None","Noncoding","None","Noncoding G26475T",NA,NA,NA,FALSE
"MN908947.3",26530,"26530-A-C","A","C",336,FALSE,13913,0.008266,16,0.8266,"None","Nonsynonymous","M","M D3A",3,"D","A",FALSE
"MN908947.3",26654,"26654-G-GT","G","GT",1288,TRUE,10193,0.009811,3,0.9811,"Insertion","Nonsynonymous","M","M L46F",46,"L","F",TRUE
"MN908947.3",26654,"26654-G-T","G","T",352,FALSE,10212,0.011457,1,1.1457,"None","Nonsynonymous","M","M R44S",44,"R","S",FALSE
"MN908947.3",26763,"26763-G-T","G","T",128,FALSE,16262,0.00824,51,0.824,"None","Nonsynonymous","M","M A81S",81,"A","S",FALSE
"MN908947.3",26767,"26767-T-C","T","C",49314,FALSE,14804,0.995609,3,99.5609,"None","Nonsynonymous","M","M I82T",82,"I","T",FALSE
"MN908947.3",26834,"26834-G-T","G","T",86,FALSE,20890,0.006798,15,0.6798,"None","Synonymous","M","M G26834T",NA,NA,NA,FALSE
"MN908947.3",26859,"26859-A-G","A","G",231,FALSE,15769,0.008878,1,0.8878,"None","Nonsynonymous","M","M N113D",113,"N","D",FALSE
"MN908947.3",27303,"27303-C-A","C","A",90,FALSE,21914,0.006115,44,0.6115,"None","Nonsynonymous","ORF6","ORF6 N34K",34,"N","K",FALSE
"MN908947.3",27326,"27326-A-G","A","G",229,FALSE,16720,0.005742,14,0.5742,"None","Nonsynonymous","ORF6","ORF6 K42R",42,"K","R",FALSE
"MN908947.3",27407,"27407-T-C","T","C",169,FALSE,21382,0.004209,4,0.4209,"None","Nonsynonymous","ORF7a","ORF7a L5P",5,"L","P",FALSE
"MN908947.3",27430,"27430-G-T","G","T",86,FALSE,18830,0.005948,8,0.5948,"None","Nonsynonymous","ORF7a","ORF7a A13S",13,"A","S",FALSE
"MN908947.3",27441,"27441-G-T","G","T",112,FALSE,19621,0.006116,28,0.6116,"None","Nonsynonymous","ORF7a","ORF7a E16D",16,"E","D",FALSE
"MN908947.3",27481,"27481-C-CT","C","CT",388,TRUE,11257,0.004175,10,0.4175,"Insertion","Nonsynonymous","ORF7a","ORF7a L31F",31,"L","F",TRUE
"MN908947.3",27507,"27507-A-C","A","C",49314,FALSE,8118,0.994826,20,99.4826,"None","Synonymous","ORF7a","ORF7a A27507C",NA,NA,NA,FALSE
"MN908947.3",27569,"27569-T-TTGC","T","TTGC",83,TRUE,64,0.53125,3,53.125,"Insertion","Nonsynonymous","ORF7a","ORF7a S60A",60,"S","A",FALSE
"MN908947.3",27584,"27584-CT-C","CT","C",963,TRUE,76,0.828947,0,82.8947,"Deletion","Nonsynonymous","ORF7a","ORF7a F65L",65,"F","L",TRUE
"MN908947.3",27638,"27638-T-C","T","C",11281,FALSE,388,0.992268,0,99.2268,"None","Nonsynonymous","ORF7a","ORF7a V82A",82,"V","A",FALSE
"MN908947.3",27752,"27752-C-T","C","T",15152,FALSE,477,0.997904,3,99.7904,"None","Nonsynonymous","ORF7a","ORF7a T120I",120,"T","I",FALSE
"MN908947.3",27874,"27874-C-T","C","T",49314,FALSE,6901,0.994349,4,99.4349,"None","Nonsynonymous","ORF7b","ORF7b T40I",40,"T","I",FALSE
"MN908947.3",27920,"27920-C-A","C","A",71,FALSE,7243,0.007732,70,0.7732,"None","Synonymous","ORF8","ORF8 C27920A",NA,NA,NA,FALSE
"MN908947.3",28247,"28247-AGATTTC-A","AGATTTC","A",49314,TRUE,12469,0.845056,2041,84.5056,"Deletion","Nonsynonymous","ORF8","ORF8 D119I",119,"D","I",FALSE
"MN908947.3",28270,"28270-TA-T","TA","T",49314,TRUE,13316,0.961024,390,96.1024,"Deletion","Noncoding","None","Noncoding TA28270T",NA,NA,NA,NA
"MN908947.3",28461,"28461-A-G","A","G",49314,FALSE,11213,0.993222,24,99.3222,"None","Nonsynonymous","N","N D63G",63,"D","G",FALSE
"MN908947.3",28568,"28568-G-T","G","T",95,FALSE,10661,0.01013,116,1.013,"None","Nonsynonymous","N","N G99C",99,"G","C",FALSE
"MN908947.3",28619,"28619-G-C","G","C",311,FALSE,9998,0.013003,14,1.3003,"None","Nonsynonymous","N","N G116R",116,"G","R",FALSE
"MN908947.3",28681,"28681-G-C","G","C",71,FALSE,10863,0.00718,41,0.718,"None","Nonsynonymous","N","N E136D",136,"E","D",FALSE
"MN908947.3",28881,"28881-G-T","G","T",23555,FALSE,759,0.99473,3,99.473,"None","Nonsynonymous","N","N R203M",203,"R","M",FALSE
"MN908947.3",28916,"28916-G-T","G","T",19821,FALSE,634,0.998423,0,99.8423,"None","Nonsynonymous","N","N G215C",215,"G","C",FALSE
"MN908947.3",29010,"29010-T-TA","T","TA",70,TRUE,4048,0.003706,81,0.3706,"Insertion","Nonsynonymous","N","N T247H",247,"T","H",TRUE
"MN908947.3",29106,"29106-G-C","G","C",222,FALSE,9125,0.010082,1,1.0082,"None","Nonsynonymous","N","N G278A",278,"G","A",FALSE
"MN908947.3",29402,"29402-G-T","G","T",30479,FALSE,953,0.992655,0,99.2655,"None","Nonsynonymous","N","N D377Y",377,"D","Y",FALSE
"MN908947.3",29736,"29736-G-T","G","T",193,FALSE,2445,0.022495,1,2.2495,"None","Noncoding","None","Noncoding G29736T",NA,NA,NA,FALSE
"MN908947.3",29742,"29742-G-T","G","T",49314,FALSE,2448,0.997958,4,99.7958,"None","Noncoding","None","Noncoding G29742T",NA,NA,NA,FALSE
